Code;Nom;Type-de-retenue;Région;Département;Commune;Rivière;Date-construction;Lat;Lon;Lat. barrage;Long. Barrage;Lat. retenue;Long. Retenue;hauteur (m);Volume_Mm3;superficie_ha;Sbassin amont (km²);altitude_mNGF;Maitre-ouvrage_exploitant;Usages
2;Age;"retenue ""linéaire"" - vallée de rivière";Nouvelle Aquitaine;Creuse;Celle-Dunoise;Creuse;1982;46,3022;1,80639;46,30275;1,804533;46,301186;1,806781;19,5;2,3;38;1120;255;EDF;hydroélectricité
3;Agly;"retenue ""linéaire"" - vallée de rivière";Occitanie;Pyrénées-Orientales;Cassagnes;L'Agly;1995;42,7461;2,58972;42,744301;2,587291;42,744674;2,592097;57;25,8;178;408;184;Conseil Départemental Des Pyrénées-orientales / Brl Exploitation;Irrigation/Crues/Alimentation en eau
4;Aigle;"retenue ""linéaire"" - vallée de rivière";Nouvelle Aquitaine;Corrèze;Soursac;Dordogne;1947;45,2436;2,22472;45,243727;2,224883;45,245336;2,226503;84;220;750;3270;343;EDF;hydroélectricité
13;Araing;à déterminer;Occitanie;Ariège;Sentein;Izard;1942;42,8333;0,878056;42,833653;0,877839;42,83208;0,875114;25;6,7;33;2,9;1900;Asa De Sainte Foy De Peyrolieres;Irrigation
14;Argentat;"retenue ""linéaire"" - vallée de rivière";Nouvelle Aquitaine;Corrèze;Argentat;Dordogne;1957;45,1039;1,95389;45,104171;1,954047;45,105769;1,955742;31;7,2;106;4418;190;?;Hydroélectricité
17;Arrêt-Darré;"Retenue ""classique""";Occitanie;Hautes-Pyrénées;Gonez;Arrêt-darré;1996;43,2333;0,200278;43,233271;0,200796;43,231223;0,198564;27;10,8;110;57,2;272;Gestion CACG;Hydroélectricité
18;Arriou;à déterminer;Nouvelle Aquitaine;Pyrénées-Atlantiques;Arzacq-Arraziguet;Arriou;2007;43,5346;-0,419139;43,531988;-0,425915;43,533886;-0,417782;15;0,64;14;1,7;205;?;Irrigation
19;Artouste;"Retenue ""classique""";Nouvelle Aquitaine;Pyrénées-Atlantiques;Laruns;Sousseau;1929;42,8628;-0,333056;42,861754;-0,335287;42,860928;-0,333968;25;10;56;7,7;1968;?;Hydroélectricité
21;Astarac;"Retenue ""classique""";Occitanie;Gers;Bézues-Bajon;Arrats;1976;43,3894;0,635833;43,38997;0,636219;43,385853;0,634803;16,2;10;180;50;244;Gestion CACG / Conseil Départemental Des Pyrénées-orientales;Irrigation/Loisirs
22;Aubert;"Retenue ""classique""";Occitanie;Hautes-Pyrénées;Saint-Lary-Soulan;Aubert;1932;42,8386;0,141389;42,838688;0,141393;42,842102;0,140234;17;5,08;45;?;2150;EDF;Hydroélectricité
23;Aubin;"Type ""classique""";Nouvelle Aquitaine;Pyrénées-Atlantiques;Doazon;Aubin;?;43,4462;-0,555278;43,446594;-0,555097;43,445036;-0,553466;16,0;2,2;23,7;?;?;?;Alimentation en eau
25;Aussoue;"Retenue ""classique""";Occitanie;Haute-Garonne;Saint-Frajou;L'Aussoue;1996;43,3214;0,841389;43,321201;0,841456;43,320818;0,839225;16,8;3;43;10,5;260;EDF / gestion CACG;Hydroélectricité
27;Ayguelongue;"Retenue ""classique""";Nouvelle Aquitaine;Pyrénées-Atlantiques;Mazerolles;Ayguelongue;1994;43,4336;-0,464722;43,433714;-0,464771;43,431034;-0,462883;15;3,2;59;?;135;CACG;Irrigation
29;Bage;"Retenue ""classique""";Occitanie;Aveyron;Pont-de-Salars;Bage;1952;44,2667;2,72222;44,266694;2,722224;44,26568;2,723297;27,2;4,4;53;34;717;EDF;Hydroélectricité
30;Balaing;"Retenue ""classique""";Nouvelle Aquitaine;Pyrénées-Atlantiques;Navailles-Angos;Balaing;1995;43,4431;-0,3575;43,44307;-0,35755;43,441589;-0,354997;21,5;3,5;42,5;9;190;CACG;Irrigation / Alimentation en eau
31;Baldarques;à déterminer;Occitanie;Ariège;Hospitalet-près-l'Andorre;Baldarques;1962;42,6003;1,7825;;;;;15;0,05;1,4;?;1970;EDF;Hydroélectricité
32;Balerme;à déterminer;Occitanie;Haute-Garonne;Verfeil;Balerme;1992;43,6417;1,69306;43,641797;1,693087;43,64311;1,694707;15,2;2,02;37;13;178;Gestion CACG;Hydroélectricité
33;Bally;"Type ""classique""";Occitanie;Tarn-et-Garonne;Laguépie;?;?;44,1511;1,96444;;;;;16,0;0,1;1,85;?;?;Earl De Bally;Irrigation
35;Bancalie aval;"Retenue ""classique""";Occitanie;Tarn;Saint-Antonin-de-Lacalm;Lezert;1979;43,7786;2,26028;43,778445;2,269217;43,782411;2,262448;34;10,9;86;35;303;Syndicat mixte barrage Bancalié Lezert;soutien d’étiage/AEP
37;Barthe;"retenue ""linéaire"" - vallée de rivière";Occitanie;Aveyron;Brommat;La Truyère;1974;44,8075;2,715;44,807344;2,714977;44,807355;2,716699;68;8;40;2484;562;?;Irrigation/Crues/Alimentation en eau
38;Bassillon;"Retenue ""classique""";Nouvelle Aquitaine;Pyrénées-Atlantiques;Bassillon-Vauzé;Larcis;?;43,4633;-0,0675;43,463655;-0,067343;43,46174;-0,067708;16,5;2,4;52;?;210;As Irrigation Vallée Du Larcis;Irrigation
40;Bats-Urgons;à déterminer;Nouvelle Aquitaine;Landes;Bats;Urgons;1986;43,6539;-0,451944;43,653913;-0,452047;43,652694;-0,451328;15,5;0,617;10,85;3;105;Asa De Bats Urgons;Irrigation
43;Beaumont sur Leze et Auribail Lantine;"Type ""classique""";Occitanie;Haute-Garonne;Auribail;Lantine;?;43,3582;1,37522;43,359498;1,377202;43,358655;1,376076;15,0;0,2;6,51;?;?;?;Irrigation
44;Beaune 2;à déterminer;Nouvelle Aquitaine;Haute-Vienne;Limoges;Mazelle;1961;45,9186;1,30583;;;;;22;1,827;28;17;344;?;Alimentation en eau
45;Béhasque;à déterminer;Nouvelle Aquitaine;Pyrénées-Atlantiques;Domezain-Berraute;La Bidouze;1989;43,3117;-0,997778;43,3118;-0,997714;43,319972;-0,996534;16;0,049;4,7;?;?;ASA Behasque;Irrigation
46;Beissat;à déterminer;Nouvelle Aquitaine;Creuse;Magnat-l'Etrange;La Rozelle;1983;45,7828;2,26889;;;;;18;1,5;21;15,5;707;?;"Alimentation en eau; loisirs"
47;Bellegarde;à déterminer;Occitanie;Tarn;Bellegarde;?;1986;43,9033;2,27639;43,903311;2,276326;43,903519;2,277334;16;0,145;2,7;0,9;309;?;?
50;Berroux;à déterminer;Nouvelle Aquitaine;Creuse;Boussac-Bourg;Berroux;1981;46,3703;2,21139;46,370379;2,21111;46,371534;2,211732;15,5;0,272;5,3;18,1;387;Siaep Region De Boussac;Alimentation en eau / Loisirs
53;Bious;"Retenue ""classique""";Nouvelle Aquitaine;Pyrénées-Atlantiques;Laruns;Gave du Bious;1957;42,8692;-0,455725;42,869169;-0,455703;42,867534;-0,454073;50;5,1;40;30,15;1430;?;Hydroélectrcité
55;Bois de Teulières;"Type ""classique""";Occitanie;Tarn-et-Garonne;Lavit;La Briqueterie;?;43,93;0,894167;;;;;16,5;0,3;5,39;?;?;Asi Teuliere;Irrigation
61;Boueilh Boueilho Lasque;à déterminer;Nouvelle Aquitaine;Pyrénées-Atlantiques;Boueilh-Boueilho-Lasque;Arriutort;1991;43,5492;-0,334167;43,549245;-0,333826;43,547379;-0,331594;18;1,34;19;4;146;?;Irrigation
62;Boues (Sere-Rustaing);à déterminer;Occitanie;Hautes-Pyrénées;Lamarque-Rustaing;Boues;1991;43,2692;0,300556;;;;;15,7;2,02;36,36;14,25;351;Gestion CACG;Hydroélectricité
63;Bouillouses;"Retenue ""classique""";Occitanie;Pyrénées-Orientales;Angoustrine-Villeneuve-des-Escaldes;Têt;1910;42,5603;2,00111;42,560135;2,001168;42,563249;1,999044;17,5;17,33;140;28,1;2016;EDF;Hydroélectricité
66;Bournos;à déterminer;Nouvelle Aquitaine;Pyrénées-Atlantiques;Bournos;Geez;2006;43,4497;-0,408056;43,449814;-0,408223;43,448724;-0,407107;16;0,37;6,9;?;210;Asa Irrigation De Bournos;Irrigation
70;Brichette;à déterminer;Nouvelle Aquitaine;Lot-et-Garonne;Saint-Caprais-de-Lerm;Brichette;1995;44,2209;0,766095;;;;;12,5;0,45;10;3,4;100;Asa Arrosage Des Coteaux De Beauville Puymirol;Alimentation en eau
71;Brienne;à déterminer;Occitanie;Aveyron;Luc-la-Primaube;Brienne;2003;44,3067;2,54278;;;;;13,5;0,45;10,5;6;629;EDF;Hydroélectricité
72;Brunet;à déterminer;Occitanie;Tarn;Sorèze;Dourdou;1989;43,4792;2,05306;;;;;15;1,4;22,53;2,3;226;Asa Du Bas De La Montagne Noire;Irrigation
73;Bujaleuf;"retenue ""linéaire"" - vallée de rivière";Nouvelle Aquitaine;Haute-Vienne;Bujaleuf;Maulde;1962;45,8025;1,61444;45,802533;1,614307;45,802936;1,615975;17;2,88;70;427;328;?;Hydroélectricité
75;Bure;"Retenue ""classique""";Occitanie;Haute-Garonne;Poucharramet;Bure;1987;43,4158;1,15972;43,41566;1,159719;43,415317;1,156543;16;4;60;30;229;SHEM / Gestion CACG;Hydroélectricité / irrigation
76;Cabournieu;"Type ""classique""";Occitanie;Gers;Monpardiac;Cabournieu;1989;43,4611;0,237222;;;;;15,0;1,5;25,9;6,65;208;Si De Real Du Laus Et Cabourni;Irrigation
79;Cadillon;à déterminer;Nouvelle Aquitaine;Pyrénées-Atlantiques;Cadillon;Lisau;1972;43,5167;-0,1475;43,516812;-0,147516;43,514976;-0,145671;15;0,9;18;5,7;215;Si De La Vallée Des Lées;Irrigation / Loisirs
80;Caillaouas;"Retenue ""classique""";Occitanie;Hautes-Pyrénées;Loudenvielle;Neste De Caillaouas;1940;42,7206;0,443611;42,720711;0,443403;42,720892;0,445174;19;6;47;6,7;2160;SHEM;Hydroélectricité
82;Cambous;à déterminer;Occitanie;Gard;Branoux-les-Taillades;Le Gardon d'Alès;1957;44,2333;3,98666;44,233332;3,986638;44,234539;3,984535;25;1;19;124;231;Commune De Carcassonne;Loisirs/Irrigation/Alimentation en eau
83;Cammazes;"Retenue ""classique""";Occitanie;Tarn;Cammazes;Sor;1958;43,4069;2,09556;43,407514;2,095576;43,405192;2,095716;70;18,8;90;30;569;institution des eaux de la montagne noire;eau potable/irrigation/soutien étiage
84;Campauleil;à déterminer;Occitanie;Ariège;Orgeix;Oriège;1941;42,7111;1,8525;;;;;15,8;0,2;4,7;?;?;EDF;Hydroélectricité
85;Candes 2;à déterminer;Occitanie;Lot;Comiac;Candes;1967;44,9525;1,97694;;;;;40;1,8;16;20;446;Asa De La Baisole;Irrigation
86;Cap de Long;"Retenue ""classique""";Occitanie;Hautes-Pyrénées;Aragnouet;Neste de Couplan;1952;42,8231;0,1425;42,823251;0,142616;42,822398;0,139541;85;63;160;10,6;2161;EDF;Hydroélectricité
88;Castenau (évacuateur);"retenue ""linéaire"" - vallée de rivière";Occitanie;Aveyron;Castelnau-de-Mandailles;Lot;1948;44,5117;2,87222;44,505753;2,874105;44,508779;2,871294;17;25;218;1593;417;EDF;Hydroélectricité
89;Castelnau Lassouts;"retenue ""linéaire"" - vallée de rivière";Occitanie;Aveyron;Lassouts;Lot;1948;44,5056;2,87417;44,505772;2,87412;44,507868;2,87249;52,2;40,82;218;1593;417;Conseil Départemental Du Gard / Dodin Sa;Crues
90;Castelvieil;retenue sèche (crues ou abandonnée);Occitanie;Haute-Garonne;Bagnères-de-Luchon;La Pique;1960;42,763;0,61;42,763095;0,609948;42,762894;0,609948;18,0;0,035;sec - sédiments;84;751;Etat / ONF exploitant;Crues
92;Castillon du tourmalet;à déterminer;Occitanie;Hautes-Pyrénées;Bagnères-de-Bigorre;Adour Du Tourmalet;1947;42,9203;0,189167;42,920433;0,189055;42,920052;0,189001;19,7;0,08;1,7;?;1540;Commune De Cenne-monesties;Alimentation en eau/Irrigation/Hydroélectricité
93;Castillon sur Lez;à déterminer;Occitanie;Ariège;Castillon-en-Couserans;Lez;1970;42,9142;1,02833;42,91422;1,028274;42,912688;1,027287;28;0,49;7;220;533;EDF;Hydroélectricité
94;Causse Corrézien;"Retenue ""classique""";Nouvelle Aquitaine;Corrèze;Saint Cernin de Larche;Couze De Chasteaux;1976;45,093;1,4318;45,093072;1,431911;45,092451;1,434228;10,45;2,55;75;73,8;125;?;Activités touristiques
95;Cavayère;à déterminer;Occitanie;Aude;Carcassonne;Bazalac;1988;43,1869;2,41917;43,187084;2,419168;43,18552;2,419017;26;1,35;19;10,3;143;Asa De Montaigu De Quercy;Irrigation
96;Cenne Monestiés;à déterminer;Occitanie;Aude;Villemagne;Le Lampy;?;43,3467;2,12;;;;;22;0,137;1,5;30,7;281;?;Hydroélectricité
98;Ceyrac;manque information;Occitanie;Gard;;;;;;;;;;;;;;;;
102;Chammet;"Retenue ""classique""";Nouvelle Aquitaine;Corrèze;Peyrelevade;Chandouille;1951;45,7211;1,98806;45,721103;1,987763;45,721612;1,991454;17;6,75;100;102;719;?;Hydroélectricité
104;Champsanglard;"retenue ""linéaire"" - vallée de rivière";Nouvelle Aquitaine;Creuse;Anzême;Creuse;1985;46,2608;1,87694;46,260673;1,876938;46,260402;1,878655;19,5;4,2;55;1050;302;?;Hydroélectricité
109;Charpal;"Retenue ""classique""";Occitanie;Lozère;Laubert (Mende);Colagne;1994;44,6244;3,56111;8,25;195;;Alimentation en eau / Hydroélectricité;;8,25;195;;;Ville de Mende;eau potable
111;Chastang;"retenue ""linéaire"" - vallée de rivière";Nouvelle Aquitaine;Corrèze;Servières-le-Château;Dordogne;1951;45,1519;2,01;45,151934;2,010053;45,153901;2,010611;79;187;710;4127;264;EDF;Hydroélectricité
113;Château l'Evêque;"Type ""classique"" végétation arborée";Nouvelle Aquitaine;Dordogne;Château-l'Évêque;;;45,2422;0,668333;45,242176;0,668408;45,242373;0,6677;15,0;0,2;1,68;;;SEAT;
117;Chaumettes;"retenue ""linéaire"" - vallée de rivière";Nouvelle Aquitaine;Corrèze;Roche-le-Peyroux;Diege;1927;45,4422;2,37278;45,442126;2,372527;45,442525;2,371368;33;7,45;75;485;550;?;Hydroélectricité
121;Chezelles;"retenue ""linéaire"" - vallée de rivière";Nouvelle Aquitaine;Creuse;Bourg-d'Hem;Creuse;1984;46,2814;1,83472;46,281595;1,834767;46,281091;1,835856;19,8;1,2;23;1090;277;?;Hydroélectricité
123;Choldocogaina;à déterminer;Nouvelle Aquitaine;Pyrénées-Atlantiques;Urrugne;Lessarte;1992;43,3231;-1,70778;;;;;35;0,85;11;2,8;255;Communauté De Communes Du Sud Pays Basque / Lyonnaise Des Eaux;Alimentation en eau
130;Comberouger;à déterminer;Occitanie;Tarn-et-Garonne;Comberouger;Tessone;1982;43,8811;1,06999;43,881322;1,070109;43,879652;1,068435;15;1,2;25;8,4;194;CACG;Irrigation
131;Confolent;à déterminer;Nouvelle Aquitaine;Creuse;Felletin;Creuse;1927;45,9247;2,16611;;;;;31;4,69;39;200;487;?;Hydroélectricité
132;Conqueyrac;retenue sèche (crues ou abandonnée);Occitanie;Gard;Conqueyrac;Le Vidourle;1982;43,9511;3,92819;43,951311;3,928449;43,952199;3,92743;17;11,8;xx275;83;126;EDF;Hydroélectricité
138;Coudures;à déterminer;Nouvelle Aquitaine;Landes;Coudures;Estela;1992;43,6889;-0,499167;43,689009;-0,498878;43,686961;-0,498449;19,5;1;15,5;2,5;104;?;Irrigation / Alimentation en eau
139;Couesque;"retenue ""linéaire"" - vallée de rivière";Occitanie;Aveyron;Campouriez;La Truyère;1950;44,6964;2,58528;44,696142;2,585524;44,699306;2,587037;65,6;56;260;2752;255;EDF;Hydroélectricité
141;Couze de Venersal;à déterminer;Nouvelle Aquitaine;Corrèze;Saint féréole;Couze De Venarsal;1944;45,1975;1,60028;;;;;28,5;0,75;8,2;36;194;?;Alimentation en eau
144;Crouzet;à déterminer;Occitanie;Tarn;Labastide-Rouairoux;Vertignol;?;43,4906;2,65122;;;;;18,5;0,142;2,32;3;706;EDF;Hydroélectricité
161;Escoubous;à déterminer;Occitanie;Hautes-Pyrénées;Barèges;Escoubous;1954;42,8778;0,115556;42,877484;0,115266;42,876713;0,115163;20;1,4;10;6,2;2041;Asa D'aménagement Foncier Du Canton De Montaigu;?
163;Etang;"Retenue ""classique""";Occitanie;Aveyron;Montézic;Le Planey;1981;44,7156;2,65444;44,716004;2,654379;44,718993;2,657898;31,5;33,6;xx232;16,8;705;EDF;Hydroélectricité
164;Etang de la prairie;à déterminer;Nouvelle Aquitaine;Haute-Vienne;Châteauneuf-la-Forêt;Prairie;1976;45,7169;1,59722;45,716892;1,597281;45,715918;1,598289;15,5;0,56;12;8,8;363;Commune De Chateauneuf-la-forêt;Loisirs
169;Etroit;à déterminer;Nouvelle Aquitaine;Creuse;Saint-Pierre-Chérignat;Le Taurion;1933;45,9894;1,59568;45,989494;1,595673;45,989434;1,59754;24,8;2,05;25;705;329;?;Hydroélectricité
170;Fabrèges;"Retenue ""classique""";Nouvelle Aquitaine;Pyrénées-Atlantiques;Laruns;Brousset;1947;42,8828;-0,401599;42,882806;-0,401595;42,882413;-0,400694;51;6,7;54;60;1241;SHEM;Hydroélectricité
172;Fargues;à déterminer;Nouvelle Aquitaine;Landes;Montgaillard;Labourdasse;1995;43,7369;-0,477222;;;;;18;1;15;3,95;84;?;Irrigation
173;Faux de la montagne;"Retenue ""classique""";Nouvelle Aquitaine;Creuse;Faux-la-Montagne;Dorat;1951;45,76606;1,93056;45,760857;1,930463;45,761246;1,932909;15,7;1,35;450;10,8;707;EDF;Hydroélectricité
174;Femouillade haute;à déterminer;Nouvelle Aquitaine;Lot-et-Garonne;Pujols;Laverniade;?;44,3756;0,662222;;;;;16;0,008;0,4;?;?;Gaec Du Laurier;?
177;Filhet;"Retenue ""classique""";Occitanie;Ariège;Mas-d'Azil;Filleit;1996;43,0706;1,39167;43,07038;1,391566;43,067982;1,391673;23,5;4,95;66;9,18;320;L’Institution interdépartementale pour la création et l’exploitation d’ouvrages de production d’eau brute en Ariège et en Haute Garonne;Irrigation/soutien d’étiage
178;Fleix;"retenue ""linéaire"" - fil de l'eau";Nouvelle Aquitaine;Haute-Vienne;Bujaleuf;Maulde;1961;45,8153;1,6525;45,815208;1,652421;45,817586;1,656348;17,9;2,72;40;281;338;EDF;Hydroélectricité
180;Fontbonne;à déterminer;Occitanie;Tarn;Sainte-Gemme;Ceret;1906;44,0881;2,21;;;;;15,5;1,25;14;32;306;EDF;Hydroélectricité
181;Fontbouysse;à déterminer;Occitanie;Lot;Saint-Cyprien;Monsembosc;1985;44,3194;1,27222;;;;;15;0,54;9,5;?;?;Commune De Monclar-de-quercy;Alimentation en eau/Loisirs
182;Fontet;à déterminer;Nouvelle Aquitaine;Lot-et-Garonne;Guérin;Fontet;?;44,4297;0,0644444;;;;;16;0,031;0,4;0,26;;Earl De Barri;?
186;Gabas;"Retenue ""classique""";Nouvelle Aquitaine;Pyrénées-Atlantiques;Eslourenties-Daban;Le Gabas;2007;43,29;-0,143056;43,290694;-0,142391;43,288086;-0,140331;27;20;213;?;361;CACG;Irrigation / Alimentation en eau / Loisirs
187;Gabassot;"Retenue ""classique""";Nouvelle Aquitaine;Pyrénées-Atlantiques;Garlin;Gabassot;2004;43,5514;-0,264167;43,551117;-0,264266;43,549834;-0,265114;19,5;3,2;40,4;?;159;CACG;Irrigation
189;Galage;à déterminer;Occitanie;Haute-Garonne;Sainte-Foy-de-Peyrolières;Galage;1986;43,4971;1,1311;;;;;10,7;1,1;28,5;9;238;Conseil Départemental Du Gard;Crues/Alimentation en eau/Irrigation/Loisirs
190;Galaube;"Retenue ""classique""";Occitanie;Tarn;Arfons;Alzeau;2000;43,4036;2,22611;43,403488;2,226375;43,404719;2,228735;34,3;8,05;65;21,4;723;institution des eaux de la montagne noire;navigation
191;Galens;"Retenue ""classique""";Occitanie;Aveyron;Soulages-Bonneval;La Selves;1967;44,6592;2,75556;44,659515;2,755561;44,659454;2,75665;18,5;2,3;490;67;830;EDF;Hydroélectricité
192;Ganet;à déterminer;Nouvelle Aquitaine;Lot-et-Garonne;Galapian;Labernede;1977;44,2931;0,429722;;;;;15;1;18,7;9,4;83;Asa Aiguillon Galapian Lagarrigue;Irrigation
193;Ganguise;"Retenue ""classique""";Occitanie;Aude;Gourvieille;Ganguise;2007;43,3283;1,78944;43,328048;1,79008;43,325301;1,795229;34;44,6;400;28,4;238;Conseil régional/BRL;Navigation/Irrigation
195;Garrabet;"retenue ""linéaire"" - vallée de rivière";Occitanie;Ariège;Mercus-Garrabet;Ariège;1985;42,8933;1,63083;42,893202;1,630632;42,892444;1,630552;37;3,4;44;1235;461;SHEM;Hydroélectricité
197;Geignes;à déterminer;Occitanie;Tarn;Maurens-Scopont;Geignes;?;43,5944;1,82889;;;;;16,2;1,075;17,7;6;200;EDF;Hydroélectricité
200;Gimone;"Retenue ""classique""";Occitanie;Gers;Saint-Blancard;La Gimone;1991;43,3375;0,68;43,337501;0,680021;43,335223;0,677489;29;25;230;40;271;EDF/ exploitation CACG;Irrigation/compensation évaporation Golfech
203;Gloriettes;à déterminer;Occitanie;Hautes-Pyrénées;Gèdre;Estaube;1952;42,7525;0,0502778;42,752825;0,050388;42,752114;0,049624;42,8;2,7;13,5;54;1667;EDF;Irrigation
204;Gnioure;"Retenue ""classique""";Occitanie;Ariège;Lercoul;Siguer;1950;42,7025;1,52889;42,702459;1,529286;42,700015;1,530122;68;28,4;70;18;1832;EDF;Hydroélectricité/soutien d’étiage/loisirs
205;Golinhac;"retenue ""linéaire"" - vallée de rivière";Occitanie;Aveyron;Golinhac;Lot;1960;44,5783;2,63778;44,578604;2,637891;44,5781;2,638749;32,5;5,1;50;1905;312;?;Irrigation/Alimentation en eau
208;Goulours;à déterminer;Occitanie;Ariège;Ascou;La Lauze;1946;42,7233;1,88556;42,723095;1,885553;42,723529;1,886786;21,5;0,4;6,4;47;1081;Commune De La Romieu;Loisirs
209;Gour Noir;à déterminer;Nouvelle Aquitaine;Corrèze;Saint-Julien-aux-Bois;La Maronne;1946;45,0828;2,13917;;;;;38;5,2;37;630;370;EDF;Hydroélectricité
210;Gouyre;"Retenue ""classique""";Occitanie;Tarn-et-Garonne;Bruniquel;Gouyre;1989;44,0553;1,63833;44,055593;1,604951;44,053311;1,604393;19,5;3,4;61;22;129;ASAI Gouyre Tordre Gagnol;Irrigation
218;Gréziolles;à déterminer;Occitanie;Hautes-Pyrénées;Bagnères-de-Bigorre;Adour de garet;1952;42,8917;0,198333;42,891417;0,198362;42,890081;0,198179;29,3;4,4;20;7,2;2116;EDF;Hydroélctricité
223;Hagetmau Monségur;"Retenue ""classique""";Nouvelle Aquitaine;Landes;Hagetmau;Grabe;1991;43,6383;-0,575833;43,638272;-0,575857;43,636781;-0,573798;16;2,5;54,5;15,2;115;CACG;Irrigation / Alimentation en eau
226;Hautefage;"retenue ""linéaire"" - vallée de rivière";Nouvelle Aquitaine;Corrèze;Sexcles;La Maronne;1958;45,0644;1,99861;45,064354;1,998551;45,065839;1,999323;51,75;27;115;755;250;EDF;Hydroélectricité
230;Itchoury;"Type ""classique"" végétation arborée";Nouvelle Aquitaine;Pyrénées-Atlantiques;Gabat;Itchoury;?;43,3794;-1,03922;;;;;16,0;0,2;2,82;?;?;?;Irrigation
231;Izourt;à déterminer;Occitanie;Ariège;Auzat;Arties;1940;42,6928;1,49722;42,69289;1,497238;42,689641;1,49771;42;7,9;33;14,9;1647;EDF;Hydroélectricité
232;Jeloseko;à déterminer;Nouvelle Aquitaine;Pyrénées-Atlantiques;Amorots-Succos;Jelosoko;2007;43,3525;-1,11333;43,352453;-1,113237;43,352141;-1,113827;18;0,225;3;2,3;129;?;Irrigation
236;Jouandet;à déterminer;Nouvelle Aquitaine;Landes;Parleboscq;Lasmoulette;1988;43,975;0,0469444;;;;;15,6;0,8;16;6,4;115;Asa Bassin Landais De La Gelise;Irrigation
238;La Jourdanie;"retenue ""linéaire"" - fil de l'eau";Occitanie;Aveyron;Broquiès;Tarn;1932;44,0181;2,71389;44,017835;2,713654;44,019693;2,714583;16,75;5,3;74;3161;256;EDF;Hydroélectricité
244;Laa;à déterminer;Nouvelle Aquitaine;Pyrénées-Atlantiques;Vielleségure;Larus;2001;43,3421;-0,685006;;;;;19,45;1,3;21;4,6;173;Asa Irrigation Du Laa;Irrigation
245;Labarre;à déterminer;Occitanie;Ariège;Foix;Ariège;1948;42,9961;1,61361;;;;;15;0,4;17,6;?;?;Commune De Saint-sardos;Loisirs / irrigation
247;Lampy;à déterminer;Occitanie;Aude;Saissac;Le Lampy;?;43,3972;2,17333;;;;;16,2;1,673;23,5;7,2;648;Voies Navigables De France;Navigation/Irrigation
250;Langleret;à déterminer;Nouvelle Aquitaine;Haute-Vienne;Bujaleuf;Maulde;1962;45,7961;1,59861;45,796354;1,59855;45,796537;1,601832;16,5;1,19;17,5;434;314;EDF;Hydroélectricité
251;Lanoux;"Retenue ""classique""";Occitanie;Pyrénées-Orientales;Angoustrine-Villeneuve-des-Escaldes;Font Vive;1962;42,5783;1,8975;42,578191;1,897507;42,579408;1,898301;42,5;70,7;170;14,9;2214;EDF;Hydroélectricité
252;Laouzas;"Retenue ""classique""";Occitanie;Tarn;Nages;vebre;1965;43,6342;2,75611;43,634598;2,755911;43,637984;2,756555;48;45,16;283;217;777;Conseil Départemental Du Gard;Crues
253;Laparan;à déterminer;Occitanie;Ariège;Aston;Aston;1985;42,6764;1,70333;42,67684;1,703022;42,6746;1,704396;76;15,7;38,5;34,8;1541;EDF;Irrigation / alimentation en eau
254;Laprade;"Retenue ""classique""";Occitanie;Aude;Cuxac-Cabardès;Dure;1984;43,4144;2,27861;43,414746;2,278221;43,418674;2,276289;27;8,8;89;12;773;Syndicat Mixte De La Bancalie / Compagnie Générale Des Eaux;Irrigation/Alimentation en eau/Loisirs
255;Lartige;à déterminer;Nouvelle Aquitaine;Haute-Vienne;Saint-Léonard-de-Noblat;La Maulde;1958;45,8075;1,53194;;;;;16;2,02;30;484;288;EDF;Hydroélectricité
258;Latrille;"Retenue ""classique""";Nouvelle Aquitaine;Landes;Latrille;Brousseau;1995;43,6408;-0,282778;43,641144;-0,282325;43,639156;-0,281746;15,5;2,4;42;13,4;156;CACG;Alimentation en eau / Irrigation
261;Lavaud;"Retenue ""classique""";Nouvelle Aquitaine;Charente;Saint-Quentin-sur-Charente;La Charente;1991;45,8261;0,685556;45,825958;0,685459;45,824344;0,687562;21;10;185;40;227;Conseil Départemental Charente;Alimentation en eau et Loisirs.
262;Lavaud gelade;"Retenue ""classique""";Nouvelle Aquitaine;Creuse;Royère-de-Vassivière;Le Taurion;1944;45,8567;1,95333;45,856793;1,953445;45,8568;1,955108;20,5;17,4;250;46;676;EDF;Hydroélectricité
263;Lavit de Lomagne;à déterminer;Occitanie;Tarn-et-Garonne;Montgaillard;Tison;1961;43,9492;0,890994;;;;;14;0,48;10,7;2,2;182;CACG;irrigation/loisirs
265;Lescouroux;"Retenue ""classique""";Nouvelle Aquitaine;Lot-et-Garonne;Soumensac;Lescouroux;1994;44,6647;0,347778;44,664263;0,347143;44,669024;0,348688;19;8,3;99,7;48;64;CACG;Irrigation / Alimentation en eau
266;Liaussac (Etang);"Retenue ""classique""";Occitanie;Aveyron;Montézic;Prat;1981;44,7258;2,64861;44,725854;2,648757;44,718993;2,657898;16,65;33,6;232;16,8;706;EDF;Hydroélectricité
268;Lizon;à déterminer;Occitanie;Hautes-Pyrénées;Orieux;La Lizonne;2006;43,2371;0,315833;;;;;18;1,6;22,25;?;401;Compagnie D’aménagement Des Coteaux De Gascogne;?
269;Louet;"Retenue ""classique""";Occitanie;Hautes-Pyrénées;Escaunets;Carbouere Ou Louet-devant;1994;43,3461;-0,0636111;43,346473;-0,06363;43,344756;-0,064403;28;5,2;48;16;325;CACG;Hydroélectricité
270;Lourden;"Retenue ""classique""";Nouvelle Aquitaine;Landes;Duhort-Bachen;Lourden;1987;43,7061;-0,307778;43,706428;-0,307695;43,703558;-0,307137;22,5;5,1;65;18;138;CACG;Alimentation en eau
271;Lurberria;retenue sèche (crues ou abandonnée);Nouvelle Aquitaine;Pyrénées-Atlantiques;Saint-Pée-sur-Nivelle;La Nivelle;2008;43,3136;-1,53306;;;;;22;4;xx60;?;60;Syndicat Du Bassin De La Nivelle;Crues
273;Luzège;à déterminer;Nouvelle Aquitaine;Corrèze;Saint-Pantaléon-de-Lapleau;Luzège;1951;45,3096;2,17806;;;;;40;3,8;27;406;366;EDF;Hydroélectricité
274;Luzières;à déterminer;Occitanie;Tarn;Lacrouzette;L'Agout;1958;43,6675;2,41306;;;;;19;0,36;4;506;336;Legta Fonlabour;Irrigation
277;Magnoac;"Retenue ""classique""";Occitanie;Hautes-Pyrénées;Peyret-Saint-André;Geze;2006;43,3053;0,506111;43,305199;0,505851;43,3032;0,50362;18,8;4,9;62,5;?;310;CACG;Alimentation en eau
281;Malause;"retenue ""linéaire"" - fil de l'eau";Occitanie;Tarn-et-Garonne;Malause;La Garonne;1973;44,0806;0,980556;44,080838;0,98051;44,086656;0,991283;14,2;15;575;30900;62;EDF;Hydroélectricité/Loisirs
283;Manciès;"retenue ""linéaire"" - fil de l'eau";Occitanie;Haute-Garonne;Carbonne;La Garonne;1965;43,2828;1,20417;43,282577;1,204191;43,279121;1,196359;18,5;8;160;4650;211;?;Hydroélectricité / Irrigation
285;Marcaoue;"Type ""classique""";Occitanie;Gers;Pellefigue;La Marcaoue;1988;43,4694;0,798889;;;;;15,9;1,5;17,5;?;250;Asa De La Marcaoue;Alimentation en eau
286;Marcillac;"retenue ""linéaire"" - vallée de rivière";Nouvelle Aquitaine;Corrèze;Saint-Pardoux-la-Croisille;La Doustre;1949;45,2481;1,99667;45,247828;1,996686;45,248568;1,997919;44,8;31;220;140;495;EDF;Hydroélectricité
291;Martineix;"retenue ""linéaire"" - vallée de rivière";Nouvelle Aquitaine;Haute-Vienne;Saint-Julien-le-Petit;Maulde;1962;45,8167;1,67556;45,816579;1,675418;45,815954;1,675783;15,5;1,62;40;176;354;EDF;Hydroélectricité
292;Mas d'Armand;à déterminer;Occitanie;Lozère;Langogne;Gazelle;1981;44,7283;3,83389;;;;;19;0,814;10,5;53;947;Association Syndicale D'irrigation De Luc;Irrigation
293;Mas-Chaban;"Retenue ""classique""";Nouvelle Aquitaine;Charente;Lézignac-Durand;La Moulde;2000;45,8183;0,644444;45,818675;0,644586;45,815474;0,645959;23;14,2;174;52;221,4;Conseil Départemental Charente;Irrigation, Alimentation en eau et Loisirs.
294;Matemale;"Retenue ""classique""";Occitanie;Pyrénées-Orientales;Matemale;L'Aude;1960;42,5778;2,10972;42,577214;2,110006;42,57437;2,10726;33,5;20,55;223;32;1541;EDF;Hydroélectricité
295;Maury;"Retenue ""classique""";Occitanie;Aveyron;Saint-Amans-des-Cots;La Selves;1947;44,6625;2,6644;44,662789;2,664359;44,661492;2,66599;65;34,2;166;164;590;EDF;Hydroélectricité
297;Mazeaud;"Retenue ""classique""";Nouvelle Aquitaine;Haute-Vienne;Saint-Léger-la-Montagne;Couze;1978;46,0343;1,38914;46,036765;1,389368;46,036266;1,390881;32;7,1;46;22;459;?;Alimentation en eau
302;Miallet;"Retenue ""classique""";Nouvelle Aquitaine;Dordogne;Mialet;La Cole;1993;45,5491;0,91984;45,549105;0,919961;45,550458;0,922278;20,5;4,953;77;17;301;Conseil Départemental De La Dordogne / Sogedo;Irrigation / Alimentation en eau
304;Miel;à déterminer;Nouvelle Aquitaine;Corrèze;Beynat;;1968;45,1279;1,76607;45,127879;1,766048;45,129166;1,767132;9,5;0,28;10;;;?;Activités touristiques
305;Miélan;"Retenue ""classique""";Occitanie;Gers;Miélan;L'Osse;1968;43,4492;0,320556;43,449256;0,320331;43,446624;0,321082;15;3,7;77;23;219;CACG;Crues/Alimentation en eau/Loisirs
306;Migouélou;"Retenue ""classique""";Occitanie;Hautes-Pyrénées;Arrens-Marsous;Arriougrand;1959;42,8881;-0,298954;42,888531;-0,299317;42,888083;-0,300191;31;11,9;50;2,65;2280;EDF;Hydroélectricité
308;Miquelou;à déterminer;Occitanie;Tarn;Graulhet;Verdaussou;1929;43,75;1,99278;;;;;23;0,51;8,6;7,2;192;EDF;Hydroélectricité
311;Monbalen;à déterminer;Nouvelle Aquitaine;Lot-et-Garonne;Monbalen;?;?;44,315;0,742222;;;;;16;0,3;6;4;171;Sivu De La Masse Et De La Laurendanne;?
312;Monceaux la Virolle;"Retenue ""classique""";Nouvelle Aquitaine;Corrèze;Viam;Vézère;1945;45,5858;1,88194;45,585702;1,881819;45,585972;1,883772;31,8;20,5;183;205;666;EDF;Hydroélectricité
313;Monclar;à déterminer;Occitanie;Tarn-et-Garonne;Monclar-de-Quercy;La garinette;1973;43,9642;1,58944;;;;;19,7;0,6;9;?;?;Commune de Monclar de Quercy;loisirs
314;Monnes (Etang);"Retenue ""classique""";Occitanie;Aveyron;Montézic;Le laney;1981;44,7256;2,65556;44,726228;2,657167;44,718993;2,657898;57;33,6;xx232;16,8;705;EDF;Hydroélectricité
316;Mont Larron;"retenue ""linéaire"" - vallée de rivière";Nouvelle Aquitaine;Haute-Vienne;Saint-Julien-le-Petit;Maulde;1953;45,8203;1,71833;45,820448;1,71833;45,819835;1,718791;28;4,8;67;223;379;?;Hydroélectricité
317;Montagnèse;à déterminer;Occitanie;Tarn;Mazamet;Linoubre;1934;43,4614;2,34539;;;;;17;1,16;24;7;682;?;Loisirs
320;Montbel;"Retenue ""classique""";Occitanie;Ariège;Montbel;Triere;1985;42,9936;1,95861;42,993817;1,958542;42,988638;1,958284;36;60;550;15;402;institution interdépartementale pour l’aménagement du barrage de Montbel;Hydroélectricité
321;Montdely;"Retenue ""classique""";Occitanie;Ariège;Gabre;Leze;1980;43,0575;1,43556;43,057245;1,435244;43,056225;1,435019;24;4;55;13,6;384;Syndicat Mixte d'Aménagement Hydraulique de la Vallée de la Lèze;Hydroélectricité
323;Monts d'Orb (Avène);"retenue ""linéaire"" - vallée de rivière";Occitanie;Hérault;Avène;L'Orb;1962;43,7653;3,09306;43,765518;3,093142;43,766982;3,091501;60;33,6;194;125;433;BRL;Irrigation/Alimentation en eau
328;Nabeillou;à déterminer;Occitanie;Tarn;Graulhet;?;?;43,7583;1,96917;;;;;18;0,3;4;?;175;EDF;Hydroélectricité
329;Naguilhes;"Retenue ""classique""";Occitanie;Ariège;Orlu;Gnoles;1961;42,6611;1,91667;42,661174;1,91665;42,658318;1,916843;56;43;93;11,8;1891;?;Irrigation/Alimentation en eau/Crues/Navigation/Hydroélectricité
330;Naussac;"Retenue ""classique""";Occitanie;Lozère;Langogne;La Loire;1982;44,7478;3,82528;44,74781;3,825065;44,742359;3,821284;50;190;1050;53;947;établissement Public Loire / Brl Exploitation;Alimentation en eau/Loisirs/Irrigation/Hydroélectricité
332;Neuvic d'Ussel;"Retenue ""classique""";Nouvelle Aquitaine;Corrèze;Sérandon;Triouzoune;1948;45,3767;2,29833;45,376877;2,298319;45,377729;2,297364;24,3;24;294;130;602;EDF;Hydroélectricité
335;Olhadoko;à déterminer;Nouvelle Aquitaine;Pyrénées-Atlantiques;Larrau;Olhadoko Erreka;1996;42,9881;-0,956944;;;;;17,2;0,02;3;12,7;?;SHEM;Hydroélectricité
336;Olivettes;"Retenue ""classique""";Occitanie;Hérault;Vailhan;La Peyne;1989;43,5592;3,29778;43,558754;3,297701;43,559664;3,298871;35;4,37;40;29,5;169;?;Irrigation/Alimentation en eau
338;One;retenue sèche;Occitanie;Haute-Garonne;Cazarilh-Laspènes;One;1960;42,7958;0,573611;42,795713;0,573739;42,79591;0,573085;25,0;0,1;sec;133;700;état / Serv. Restaur.terrains Montagne;Crues
339;Orédon;"Retenue ""classique""";Occitanie;Hautes-Pyrénées;Aragnouet;Neste de Couplan;?;42,8258;0,17;42,825474;0,168765;42,827202;0,166604;29;7,3;43;13,1;1851;SHEM;Hydroélectricité/Alimentation en eau
342;Oule;"Retenue ""classique""";Occitanie;Hautes-Pyrénées;Saint-Lary-Soulan;L'Oule;1923;42,8253;0,205278;42,825109;0,205328;42,828272;0,203418;50;16,6;60;28,4;1817;EDF;Hydroélectricité
343;Palhères;retenue sèche;Occitanie;Lozère;Pourcharesses;Palheres;1963;44,4358;3,91722;;;;;15,3;0,0;sec;;;;
347;Parayre;à déterminer;Occitanie;Haute-Garonne;Sainte-Foy-de-Peyrolières;Saudrune;1989;43,4681;1,15944;;;;;12;1,1;25;14,7;224;Asa De Sainte Foy De Peyrolieres;Irrigation
348;Pareloup;"Retenue ""classique""";Occitanie;Aveyron;Canet-de-Salars;Violou;1953;44,2117;2,71111;44,211547;2,71124;44,210724;2,712688;43,45;169;1259;160;806;EDF;Hydroélectricité/eau potable/loisirs/soutien d’étiage
350;Pas du Sant;à déterminer;Occitanie;Tarn;Verdalle;La Santoire;1940;43,4686;2,20333;;;;;19;0,135;1,87;4,1;596;?;Hydroélectricité
351;Passet;"Retenue ""classique""";Occitanie;Pyrénées-Orientales;Porté-Puymorens;Font Vive;?;42,5525;1,86557;42,552334;1,86541;42,5526;1,866067;16,2;0,2;40;?;1700;EDF;Hydroélectricité
354;Payolle;à déterminer;Occitanie;Hautes-Pyrénées;Ancizan;Adour de Payolle;1971;42,9356;0,294444;42,934601;0,294045;42,934845;0,295676;15;0,45;12,5;6,2;99;Asa De Saint Maur Soules;Irrigation
355;Peilhou;à déterminer;Nouvelle Aquitaine;Pyrénées-Atlantiques;Borce;Gave d'Aspe;1925;42,8294;-0,558611;42,829256;-0,558655;42,828406;-0,558467;19,1;0,11;3,6;33;?;EDF;Hydroélectricité
356;Pelle cahus;à déterminer;Occitanie;Gers;la Romieu;Sept-hountas;1986;43,9725;0,511389;;;;;17;0,312;6;1,35;?;Syndicat Intercommunal De Realimentation En Eau Des Vallees Du Laus Et Cabournieu;Irrigation
358;Pessoulens;à déterminer;Occitanie;Gers;Pessoulens;La Baysole;1974;43,8575;0,8825;;;;;15,04;0,707;14,6;9,1;152;EDF;Hydroélectricité
361;Peyralade;à déterminer;Occitanie;Tarn-et-Garonne;Roquecor;Combe De La Molle;1988;44,3083;0,955417;;;;;19,5;1,37;18;?;153;Asa De Montaigu De Quercy;irrigation
362;Peyrelongue;à déterminer;Nouvelle Aquitaine;Pyrénées-Atlantiques;Lucarré;Petit Lees;2002;43,3997;-0,0888415;;;;;18;1,1;20;4,1;274;Asa Du Petit Lées;Irrigation
364;Pinet;"retenue ""linéaire"" - vallée de rivière";Occitanie;Aveyron;Viala-du-Tarn;Tarn;1929;44,0706;2,81;44,070155;2,809998;44,068397;2,813346;41,1;10,4;109;2677;323;Entente Interdépartementale 81/82 / Saur;Alimentation en eau/Irrigation
367;Pla de Soulcem;"Retenue ""classique""";Occitanie;Ariège;Auzat;Mounicou;1984;42,6767;1,45083;42,67724;1,45113;42,673785;1,448769;66,5;29,3;89,5;44,3;1581;EDF;Irrigation/Alimentation en eau/Hydroélectricité
369;Plan d'Arem;à déterminer;Occitanie;Haute-Garonne;Fos;La Garonne;1969;42,8578;0,738333;;;;;16;0,36;8;?;570;EDF;Hydroélectricité
372;Pomiro;à déterminer;Occitanie;Gers;Montréal;Pomiro;?;43,9175;0,153889;;;;;15;0,045;0,8;0,2;?;EDF;Hydroélectricité
375;Pont de Salars;"retenue ""linéaire"" - vallée de rivière";Occitanie;Aveyron;Pont-de-Salars;Le Viaur;1952;44,2869;2,72861;44,287058;2,728516;44,287911;2,728559;34;20,55;182;182;719;?;Irrigation/Alimentation en eau/Crues
382;Pontviel;à déterminer;Occitanie;Tarn;Lamontélarié;L'Agout;1980;43,6006;2,57944;;;;;18,5;0,9;14,5;369;?;?;Hydroélectricité
384;Portillon;à déterminer;Occitanie;Haute-Garonne;Oô;Neste d'Oô;1951;42,7034;0,509722;42,703409;0,509596;42,70158;0,50848;22,3;6,8;36;3,2;?;EDF;Hydroélectricité
389;Puy Terrier;"Retenue ""classique""";Nouvelle Aquitaine;Deux-Sèvres;Saint-Loup-Lamairé;Cebron;1982;46,7728;-0,193611;46,773216;-0,193666;46,772657;-0,195479;22;11,5;190;162;119;?;Alimentation en eau/Irrigation/Crues/Loisirs
390;Puydarrieux;"Retenue ""classique""";Occitanie;Hautes-Pyrénées;Puydarrieux;Baisolle;1987;43,2953;0,426111;43,295583;0,426635;43,291023;0,423974;24;14,5;192;60;274;Gestion CACG;irrigation/loisirs
391;Puylaurent;"Retenue ""classique""";Occitanie;Lozère;la Bastide-Puylaurent;Le Chassezac;1996;44,53;3,88694;44,529919;3,887104;44,52845;3,885645;68,8;12,8;60;80;943;EDF;Irrigation/Alimentation en eau/Crues
392;Puyvalador;à déterminer;Occitanie;Pyrénées-Orientales;Réal;L'Aude;1932;42,6482;2,12528;;;;;30,9;9,9;2;134;1425;Syndicat Intercommunal D'eau Potable Du Sant;Alimentation en eau
398;Raschas;à déterminer;Occitanie;Lozère;Prévenchères;Le Chassezac;1964;44,5067;3,92306;;;;;18,7;1,554;25;102;827;EDF;Hydroélectricité
399;Rassisse;"Retenue ""classique""";Occitanie;Tarn;Mont-Roc;Le Dadou;1955;43,8058;2,35056;43,804567;2,347761;43,806503;2,347138;30;13;130;210;360; SIAH Dadou;eau potable/soutien d’étiage/hydroélectricité
400;Raviège;"retenue ""linéaire"" - vallée de rivière";Occitanie;Tarn;Anglès;L'Agout;1957;43,5953;2,59611;43,595215;2,595923;43,593366;2,597672;37;44,73;438;365;665;Conseil départemental du Tarn;Irrigation/Alimentation en eau/Navigation
404;Renung;à déterminer;Nouvelle Aquitaine;Landes;Renung;Bayle;1995;43,7442;-0,370833;43,744261;-0,370864;43,741408;-0,37022;19,4;2;27;10;98;?;Irrigation / Alimentation en eau
406;Riète;à déterminer;Occitanie;Ariège;Aston;Aston;1956;42,7103;1,66389;42,71013;1,664151;42,70883;1,66414;34,5;0,8;7,5;107;1086;?;Hydroélectricité
409;Rioumajou;à déterminer;Occitanie;Hautes-Pyrénées;Saint-Lary-Soulan;Rioumajou;1944;42,755;0,304722;;;;;22,5;0,06;1,2;50,4;1330;?;Irrigation
411;Rivières;"retenue ""linéaire"" - fil de l'eau";Occitanie;Tarn;Brens;Le tarn;1951;43,9058;1,96222;43,906146;1,962547;43,904883;1,964074;23,1;26,44;306;4900;138;EDF;Hydroélectricité
413;Roche aux Moines;"retenue ""linéaire"" - vallée de rivière";Nouvelle Aquitaine;Creuse;Châtelus-le-Marcheix;Creuse;1932;46,502;1,58222;46,50271;1,581492;46,501839;1,580183;17;4,28;70;2450;146;EDF;Hydroélectricité
416;Roche Talamie;"retenue ""linéaire"" - vallée de rivière";Nouvelle Aquitaine;Creuse;Châtelus-le-Marcheix;Le Taurion;1931;46,0094;1,62139;46,009387;1,620796;46,008568;1,622095;24;8,8;155;685;379;EDF;Hydroélectricité
422;Roucarie;"Retenue ""classique""";Occitanie;Tarn;Trévien;Ceret;1948;44,0839;2,13028;44,08373;2,12983;44,083484;2,13322;26;5,6;64;54;261;Conseil départemental du Tarn;Irrigation/Alimentation en eau
426;Rouvière;"retenue ""linéaire"" - vallée de rivière";Occitanie;Gard;Bragassargues;Le Crieulon;1971;43,9261;4,02472;43,92616;4,024815;43,927002;4,024364;18;8,937;215;97;87;EDF;Hydroélectricité
428;Sacles;à déterminer;Occitanie;Gers;Clermont-Pouyguillès;Sacles;1995;43,4856;0,519722;43,485889;0,519747;43,485832;0,51846;16;0,73;13,1;2;206;Commune de Campan;Loisirs
430;Saillant;à déterminer;Nouvelle Aquitaine;Corrèze;Allassac;Vezère;1930;45,2873;1,46746;45,28736;1,467359;45,287911;1,467815;26,6;0,45;7;963;167;?;Hydroélectricité
438;Saint Ferréol;"Retenue ""classique""";Occitanie;Haute-Garonne;Vaudreuille;Laudot;?;43,4364;2,02083;43,437796;2,019415;43,437655;2,021217;32;6,37;67;47,7;350;VNF;navigation
440;Saint géraud;"Retenue ""classique""";Occitanie;Tarn;Andouque;Le cérou;1992;44,0306;2,31444;44,030825;2,314322;44,031534;2,316146;45,5;15;101;80,3;366;Institution inter-départementale du barrage de St-Géraud (=CD81+82)  ;soutien d’étiage
443;Saint Marc;"retenue ""linéaire"" - vallée de rivière";Nouvelle Aquitaine;Haute-Vienne;Saint-Laurent-les-Églises;Le Taurion;1930;45,9275;1,45556;45,927764;1,455474;45,928585;1,457974;40;20;150;1000;284;EDF;Hydroélectricité
445;Saint Maur Soulès;à déterminer;Occitanie;Gers;Saint-Maur;Rodou;1987;43,4817;0,352222;;;;;15;0,55;12;2,6;207;EDF;Hydroélectricité
447;Saint Pardoux;"Retenue ""classique""";Nouvelle Aquitaine;Haute-Vienne;Saint Pardoux;Couze;1976;46,0533;1,26806;46,053464;1,268132;46,050962;1,268154;19,42;22,9;331;77,3;362;Conseil Départemental De La Haute-vienne / Régie Du Lac De Saint-pardoux;Loisirs / alimentation en eau
451;Saint Sardos;à déterminer;Occitanie;Tarn-et-Garonne;Saint Sardos;Le Tort;1973;43,9106;1,14;;;;;15,75;0,96;16,33;6,2;?;Compagnie D'amenagement Des Coteaux De Gascogne;irrigation
454;Saint Sernin-Lanta;à déterminer;Occitanie;Haute-Garonne;Lanta;Avelanet;1987;43,5408;1,65889;;;;;15;0,92;20;3,9;188;Asa De Saint-sernin;Irrigation
455;Saint Vidian;"retenue ""linéaire"" - fil de l'eau";Occitanie;Haute-Garonne;Mauran;La Garonne;1959;43,1861;1;43,186365;0,999855;43,185643;0,995072;15,5;5;95;4358;257;EDF;Hydroélectricité
457;Saint-Cricq;"Retenue ""classique""";Occitanie;Gers;Thoux;L'Arcadèche;1968;43,6897;0,998333;43,68994;0,998511;43,689474;1,001922;15,5;3,5;70;12,5;169;VNF;Navigtion / Loisirs
458;Sainte Cécile d'Andorge;"Retenue ""classique""";Occitanie;Gard;Sainte Cécile d'Andorge;Le Gardon d'Alès;1967;44,2428;3,98139;44,242791;3,981384;44,242176;3,978465;42;1,6;75;109;267;EDF;Hydroélectricité
460;Sainte Engrace;à déterminer;Nouvelle Aquitaine;Pyrénées-Atlantiques;Sainte Engrace;Gave de Sainte Engrace;1955;43,0038;-0,849039;;;;;38,4;0,335;3;60;?;SHEM;Hydroélectricité
461;Sainte Marguerite Lafigère;à déterminer;Occitanie;Lozère;Pied-de-Borne;Le Chassezac;1966;44,4722;3,98861;;;;;26,7;0,585;11;416;322;Compagnie D'amenagement Des Coteaux De Gascogne;Irrigation
462;Sainte Peyres;"retenue ""linéaire"" - vallée de rivière";Occitanie;Tarn;Saint-Amans-Valtoret;Arn;1936;43,5381;2,49139;43,538183;2,491507;43,539614;2,492923;59,5;34,67;210;129;670;EDF;Hydroélectricité/soutien d’étiage
463;Salagou;"Retenue ""classique""";Occitanie;Hérault;Clermont-l'Hérault;Le Salagou;1970;43,6561;3,40222;43,65601;3,401941;43,654799;3,39958;57;102;700;76;145;BRL  ;Hydroélectricité/Navigation
466;Sarrans;"retenue ""linéaire"" - vallée de rivière";Occitanie;Aveyron;Sainte-Geneviève-sur-Argence;La Truyère;1934;44,8294;2,74056;44,829456;2,740676;44,832606;2,740612;105;296;1000;2370;651;EDF;Hydroélectricité
468;Saut de Vésoles;"Retenue ""classique""";Occitanie;Hérault;Fraisse-sur-Agout;Le Bureau;1956;43,5531;2,79389;43,553084;2,794145;43,554763;2,793823;20;2,9;59,5;?;965;?;Irrigation
471;Sauveterre;"retenue ""linéaire"" - fil de l'eau";Occitanie;Gard;Sauveterre;Le Rhône;1973;44,0139;4,82861;44,013985;4,828629;44,017903;4,819678;29,5;47;700;76600;20;CNR;Hydroélectricité/Navigation
472;Séchemailles;"Retenue ""classique""";Nouvelle Aquitaine;Corrèze;Ambrugeat;Les Farges;1984;45,5186;2,12389;45,518671;2,12432;45,520618;2,123944;16;2,4;42;52;632;?;Loisirs
474;Selvet;à déterminer;Occitanie;Aveyron;La Terrisse;Selvet;1996;44,7347;2,8475;;;;;19;0,636;14;?;1055;Commune De Carmaux / Siaep Carmaux;Alimentation en eau
475;Sénéchas;à déterminer;Occitanie;Gard;Chambon;La Cèze;1977;44,3186;4,04833;44,31886;4,0481;44,319842;4,046941;58;16,2;25;113;271;EDF;Hydroélectricité
478;Serres Castet;à déterminer;Nouvelle Aquitaine;Pyrénées-Atlantiques;Serres Castet;Gees;1998;43,3917;-0,344444;;;;;16,8;2,03;35,6;5,2;222;Communauté De Communes Du Luy-de-béarn;?
482;Sirous;à déterminer;Occitanie;Tarn;Bout-du-Pont-de-Larn;Arn;1936;43,5164;2,44942;43,516413;2,4494;43,516646;2,450194;22;0,26;4;162;401;Commune De Graulhet;Loisirs
483;Sisca;à déterminer;Occitanie;Ariège;Hospitalet-près-l'Andorre;Sisca;1960;42,5872;1,76917;;;;;18;0,12;2;?;2027;EDF;Hydroélectricité
487;Sourvayet Semeacq;à déterminer;Nouvelle Aquitaine;Pyrénées-Atlantiques;Séméacq-Blachon;Souvayet;2007;43,495;-0,111639;;;;;19;0,44;6;1,4;227;Asa D'irrigation De Séméacq Blachon;Irrigation
491;Tech;à déterminer;Occitanie;Hautes-Pyrénées;Arrens-Marsous (pas Ancizan);Gave d'Arrens;1951;42,9164;0,254722;42,916284;-0,254887;42,914587;-0,255853;31;1,6;14;60;1213;Siaep De La Viadene / Sdei;Alimentation en eau
492;temple;"retenue ""linéaire"" - fil de l'eau";Nouvelle Aquitaine;Lot-et-Garonne;Castelmoron-sur-Lot;Lot;1951;44,3919;0,498333;44,392159;0,498347;44,389505;0,499654;15,09;23;378;11194;40;EDF;Hydroélectricité
495;Thuries;"retenue ""linéaire"" - vallée de rivière";Occitanie;Tarn;Pampelonne;Le Viaur;1921;44,1236;2,25528;44,123583;2,255233;44,123337;2,253623;30,7;6,5;42,75;1050;292;EDF;Hydroélectricité/soutien d’étiage
500;Tordre;"Retenue ""classique""";Occitanie;Tarn-et-Garonne;Génébrières;Tordre;1992;44,0219;1,4575;44,022433;1,457353;44,019193;1,457567;15,5;3,2;64;11,4;133;ASAI Gouyre Tordre Gagnol;irrigation
501;Touche Poupard;"retenue ""linéaire"" - vallée de rivière";Nouvelle Aquitaine;Deux-Sèvres;Saint-Georges-de-Noisné;Le Chambon;1995;46,4598;-0,202352;46,459872;-0,202475;46,461291;-0,202979;35;15;143;55;132;?;Irrigation/Alimentation en eau/Crues/Loisirs
504;Treignac;"Retenue ""classique""";Nouvelle Aquitaine;Corrèze;Treignac;Vézère;1952;45,5542;1,815;45,55411;1,813231;45,555492;1,812458;22,5;7,5;101;231;516;?;Hydroélectricité
506;Troncens;à déterminer;Occitanie;Gers;Troncens;Carbounieu;1991;43,4491;0,226141;;;;;13;0,261;5,1;1,23;?;EDF;Hydroélectricité
507;Truel;à déterminer;Occitanie;Aveyron;Saint-Victor-et-Melvieu;Tarn;1958;44,06;2,76944;;;;;20,17;3,6;35;2700;?;EDF;Hydroélectricité
508;Tuilières;"retenue ""linéaire"" - fil de l'eau";Nouvelle Aquitaine;Dordogne;Saint-Agne;La Dordogne;1908;44,8448;0,632778;44,844741;0,632818;44,843783;0,634738;16,8;5;75;13650;38;EDF;Hydroélectricité
513;Vallabrègues;"retenue ""linéaire"" - fil de l'eau";Occitanie;Gard;Vallabrègues;Le Rhône;1969;43,8428;4,62333;43,842781;4,622772;43,846882;4,623845;20;70;1200;95590;11;CNR;Hydroélectricité/Navigation
518;Vassivière;"Retenue ""classique""";Nouvelle Aquitaine;Creuse;Royère-de-Vassivière;La Maulde;1950;45,8144;1,85528;45,814488;1,852432;45,813225;1,854374;32,2;106;976;75;653;EDF;Hydroélectricité
530;Vicents;à déterminer;Occitanie;Tarn-et-Garonne;Monclar-de-Quercy;Vincens;?;43,9658;1,605;;;;;15,2;0,12;2,5;?;?;Commune De Labastide-rouairoux;Alimentation en eau
534;Villefort;"Retenue ""classique""";Occitanie;Lozère;Villefort;L'Altier;1964;44,4539;3,93167;44,454215;3,931636;44,454092;3,928653;70,5;35,7;136;126;615;?;Alimentation en eau/Hydroélectricité
535;Villefranche de Panat;"Retenue ""classique""";Occitanie;Aveyron;Villefranche de Panat;Alrance;1951;24,0917;2,70306;44,091516;2,703092;44,093804;2,702416;17,1;10,9;192;43;726;EDF;Hydroélectricité
536;Villejoubert;"retenue ""linéaire"" - fil de l'eau";Nouvelle Aquitaine;Haute-Vienne;Champnétery;Maulde;1962;45,7953;1,56917;45,79556;1,569036;45,794513;1,571332;17,8;3,294;60;456;301;EDF;Hydroélectricité
537;Villeneuve;Retenue linéaire : Lit de rivière;Occitanie;Gard;Villeneuve-lès-Avignon;Le Rhône;1973;43,9961;4,81722;43,99592;4,817074;44,017903;4,819678;20,5;47;xx700;76600;?;EDF;Hydroélectricité
538;Villeneuve sur Lot;"retenue ""linéaire"" - fil de l'eau";Nouvelle Aquitaine;Lot-et-Garonne;Villeneuve-sur-Lot;Lot;1969;44,4033;0,721944;44,403247;0,721723;44,403959;0,724041;19,3;15,6;165;?;54;EDF;Hydroélectricité
540;Vinca;"Retenue ""classique""";Occitanie;Pyrénées-Orientales;Rodès;Têt;1978;42,6575;2,54417;42,65762;2,544056;42,654395;2,540708;55;24,6;177;940;247;Gestion CACG;Hydroélectricité
547;Goul;à déterminer;Occitanie;Aveyron;Saint-Hippolyte;Le Goul;1950;44,7264;2,55917;;;;;19;1;18;300;?;?;Irrigation
548;Caderousse aval;Retenue linéaire : Lit de rivière;Occitanie;Gard;Caderousse;Le Rhône;;;;44,095943;4,723192;44,101614;4,719569;;60;xx950;74000;40;?;Hydroélectricité, navigation
556;Villeneuve de la Raho ;"Retenue ""classique""";Occitanie;Pyrénées-Orientales;Villeneuve de la Raho ;Canal de Perpignan;1977;42,63126;2,90389;;Irrigation agricole, loisirs, lutte incendie;;1;;18;201;1;;;Irrigation, tourisme, soutien d'étiage
